Componente,y,Pc,Tc,w,DH,DG,DS,CpA,CpB,CpC,CpD
CO,0.60175,35,134.5,0.066,-110525,-137169,-0.00369,-2.22E-09,5.37E-06,1.68E-03,28.16
CO2,0.34575,73.83,304.2,0.239,-393509,-394359,-0.09329,7.47E-09,-3.50E-05,5.98E-02,22.26
CH4,0.03375,46.1,190.6,0.011,-74520,-50460,-0.18356,-1.10E-08,1.27E-05,5.02E-02,19.89
H2,0.01875,13,33.2,-0.216,0,0,0,-8.70E-10,4.00E-06,-1.92E-03,29.11